applicant_id,jurisdiction,income,credit_score,debt_to_income,employment_length,loan_amount,postcode_risk_band,thin_file_flag,income_instability_flag,model_score,decision,observed_default,denial_feature_candidate
APP-00001,US,47455,720,0.329,3.4,21350,Low,1,0,0.5495,Declined,0,thin_file_flag
APP-00002,US,56634,763,0.261,2.8,26529,High,0,0,0.7106,Approved,1,postcode_risk_band
APP-00005,US,64198,647,0.326,5.2,26957,Low,0,1,0.4112,Declined,0,income_instability_flag
APP-00006,US,36088,598,0.27,1.1,17590,Very High,1,0,0.0897,Declined,1,credit_score
APP-00007,US,52815,741,0.229,1.5,23442,Medium,0,0,0.6984,Approved,0,employment_length
APP-00008,US,30644,608,0.343,13.1,14448,Very High,0,0,0.1679,Declined,0,credit_score
APP-00009,US,49728,727,0.346,1.8,23339,Low,0,0,0.6455,Approved,0,employment_length
APP-00010,US,47010,643,0.349,5.5,21723,Low,0,1,0.3522,Declined,0,income_instability_flag
APP-00012,US,43917,681,0.169,1.8,10025,Medium,1,0,0.4485,Declined,0,thin_file_flag
APP-00014,US,37961,663,0.556,8.2,10147,High,0,0,0.2995,Declined,1,debt_to_income
APP-00015,US,56211,757,0.323,3.8,26032,Low,0,0,0.7724,Approved,0,credit_score
APP-00016,US,27817,714,0.247,11.7,11006,High,0,0,0.5681,Approved,0,postcode_risk_band
APP-00017,US,30975,539,0.427,2.8,13043,Very High,1,0,0.0329,Declined,0,credit_score
APP-00019,US,25529,670,0.283,4.3,11795,High,0,0,0.337,Declined,0,postcode_risk_band
APP-00020,US,30754,626,0.141,1.6,13403,High,0,0,0.2645,Declined,0,credit_score
APP-00021,US,49672,680,0.239,3.4,13527,Low,0,0,0.5965,Approved,0,credit_score
APP-00023,US,50026,554,0.589,0.6,36809,High,1,0,0.0334,Declined,1,credit_score
APP-00026,US,79602,741,0.341,10.1,28172,Low,0,0,0.8052,Approved,0,credit_score
APP-00027,US,114000,762,0.542,2.9,52892,Low,0,1,0.7001,Approved,0,debt_to_income
APP-00028,US,22063,605,0.313,1.7,8019,High,0,1,0.1172,Declined,1,credit_score
APP-00031,US,45559,699,0.26,2.3,17315,Low,0,0,0.6086,Approved,0,credit_score
APP-00034,US,23149,680,0.438,5.4,15002,Low,0,0,0.3826,Declined,0,debt_to_income
APP-00035,US,20350,550,0.404,2.0,8695,High,1,0,0.0399,Declined,1,credit_score
APP-00036,US,31309,687,0.406,3.6,11108,Low,0,0,0.4726,Declined,0,debt_to_income
APP-00037,US,20169,616,0.326,5.0,7987,Very High,0,0,0.146,Declined,0,postcode_risk_band
APP-00045,US,50858,645,0.211,3.1,11020,High,1,0,0.2897,Declined,0,thin_file_flag
APP-00047,US,42957,679,0.327,1.5,26245,Low,0,0,0.4567,Declined,0,employment_length
APP-00049,US,46474,668,0.393,3.3,16523,Low,0,0,0.4555,Declined,1,debt_to_income
APP-00056,US,38130,618,0.335,3.4,15790,High,0,0,0.2092,Declined,0,credit_score
APP-00057,US,38411,639,0.594,2.0,14041,High,0,1,0.1318,Declined,0,debt_to_income
APP-00059,US,26439,689,0.401,3.0,9511,Medium,1,0,0.3049,Declined,0,thin_file_flag
APP-00061,US,28160,711,0.289,5.2,13937,Low,0,1,0.5422,Declined,0,income_instability_flag
APP-00062,US,43089,707,0.405,2.1,21375,Medium,0,0,0.4805,Declined,0,postcode_risk_band
APP-00063,US,27566,628,0.304,3.3,9436,Medium,1,0,0.1979,Declined,0,thin_file_flag
APP-00065,US,54133,753,0.441,1.5,27997,Low,0,0,0.6781,Approved,0,debt_to_income
APP-00068,US,73125,757,0.248,17.9,36077,Very High,1,0,0.6391,Approved,0,postcode_risk_band
APP-00069,US,35764,616,0.529,13.3,18517,High,0,0,0.1679,Declined,0,credit_score
APP-00071,US,61385,780,0.061,1.5,18964,Low,0,0,0.8895,Approved,0,employment_length
APP-00074,US,45375,746,0.322,1.7,20060,Medium,0,0,0.6583,Approved,0,postcode_risk_band
APP-00075,US,30560,635,0.222,2.6,16023,Low,1,1,0.2209,Declined,0,thin_file_flag
APP-00076,US,89528,708,0.209,10.8,26000,Low,0,1,0.7483,Approved,0,income_instability_flag
APP-00077,US,69543,644,0.364,3.5,25360,Low,0,0,0.4366,Declined,0,credit_score
APP-00080,US,35893,547,0.524,2.7,19088,Medium,0,0,0.0717,Declined,1,credit_score
APP-00083,US,18000,648,0.374,2.9,11389,Very High,0,0,0.1495,Declined,0,postcode_risk_band
APP-00084,US,53806,580,0.405,3.5,15475,Very High,1,1,0.065,Declined,1,credit_score
APP-00086,US,44864,534,0.186,3.3,12582,Low,1,0,0.1249,Declined,0,credit_score
APP-00087,US,65527,588,0.386,2.5,33785,Medium,1,0,0.1339,Declined,1,credit_score
APP-00088,US,70321,782,0.579,1.6,52026,Low,0,0,0.6988,Approved,0,debt_to_income
APP-00089,US,73090,662,0.229,3.4,17778,Medium,0,0,0.5348,Declined,0,postcode_risk_band
APP-00090,US,44245,577,0.337,10.3,7472,High,1,1,0.1095,Declined,1,credit_score
APP-00091,US,59130,706,0.412,2.5,29600,Medium,0,0,0.5138,Declined,0,postcode_risk_band
APP-00095,US,27222,617,0.263,4.9,10409,Medium,0,0,0.2723,Declined,0,credit_score
APP-00096,US,18000,656,0.52,2.3,10468,Medium,1,0,0.1347,Declined,0,debt_to_income
APP-00097,US,50384,593,0.264,1.7,17622,High,1,1,0.1072,Declined,0,credit_score
APP-00099,US,61229,775,0.451,6.4,25758,Low,0,0,0.8026,Approved,0,debt_to_income
APP-00107,US,44293,676,0.409,1.8,22671,Low,0,0,0.4259,Declined,0,debt_to_income
APP-00108,US,49266,679,0.453,5.5,34829,Low,0,0,0.4471,Declined,0,debt_to_income
APP-00109,US,31154,749,0.252,2.7,15401,High,0,0,0.608,Approved,0,postcode_risk_band
APP-00110,US,32135,532,0.257,4.2,7348,Low,1,0,0.1003,Declined,1,credit_score
APP-00111,US,84810,720,0.18,7.8,32111,Medium,0,1,0.7323,Approved,0,income_instability_flag
APP-00113,US,61497,642,0.399,4.7,33855,Low,0,1,0.3313,Declined,1,income_instability_flag
APP-00115,US,88029,730,0.345,1.7,26672,Low,0,0,0.7291,Approved,1,employment_length
APP-00116,US,68111,651,0.376,14.9,19136,Very High,0,1,0.2955,Declined,0,postcode_risk_band
APP-00117,US,69634,699,0.344,2.5,26719,High,0,0,0.4962,Declined,0,postcode_risk_band
APP-00118,US,33560,576,0.329,11.9,16017,Low,1,0,0.159,Declined,0,credit_score
APP-00119,US,55613,628,0.065,7.6,15565,Low,0,0,0.582,Approved,0,credit_score
APP-00122,US,106740,649,0.325,4.0,18197,Medium,1,1,0.3402,Declined,0,thin_file_flag
APP-00123,US,24314,570,0.263,5.1,10950,Low,0,0,0.1858,Declined,0,credit_score
APP-00126,US,39157,737,0.424,8.7,19306,Very High,0,0,0.5176,Declined,0,postcode_risk_band
APP-00129,US,50114,666,0.233,3.4,16980,Medium,0,0,0.4899,Declined,0,postcode_risk_band
APP-00130,US,33408,672,0.474,0.3,17996,Medium,1,1,0.1674,Declined,0,employment_length
APP-00131,US,47755,771,0.403,5.3,23962,Low,0,1,0.7271,Approved,0,income_instability_flag
APP-00133,US,55367,631,0.223,5.0,19676,Medium,1,1,0.2613,Declined,0,thin_file_flag
APP-00134,US,37991,661,0.448,3.7,15397,Medium,1,0,0.2449,Declined,0,thin_file_flag
APP-00136,US,84773,753,0.395,6.6,41686,Medium,0,1,0.7045,Approved,0,income_instability_flag
APP-00137,US,52863,634,0.388,5.3,20162,Low,0,1,0.3264,Declined,1,income_instability_flag
APP-00139,US,31021,571,0.226,5.4,8722,Low,1,1,0.138,Declined,0,credit_score
APP-00143,US,59037,644,0.543,23.1,28142,High,1,1,0.1582,Declined,1,debt_to_income
APP-00144,US,85516,697,0.408,3.4,31962,Low,0,0,0.6109,Approved,0,debt_to_income
APP-00147,US,59495,688,0.4,2.5,34146,Medium,0,0,0.4496,Declined,0,postcode_risk_band
APP-00151,US,42148,759,0.217,7.4,17759,Medium,0,0,0.7932,Approved,0,postcode_risk_band
APP-00152,US,41781,695,0.275,6.3,12765,High,0,0,0.5251,Declined,0,postcode_risk_band
APP-00153,US,36767,569,0.361,2.2,19456,Medium,1,0,0.0866,Declined,0,credit_score
APP-00156,US,106454,698,0.434,0.6,56256,Low,1,0,0.4613,Declined,0,employment_length
APP-00160,US,18000,627,0.306,3.3,7865,Very High,0,1,0.1198,Declined,0,postcode_risk_band
APP-00166,US,59460,764,0.271,1.9,30436,Medium,0,0,0.7499,Approved,0,postcode_risk_band
APP-00167,US,32978,501,0.279,3.7,14695,Medium,1,1,0.0366,Declined,1,credit_score
APP-00168,US,27511,599,0.277,5.8,10205,Low,0,1,0.2271,Declined,1,credit_score
APP-00169,US,32814,660,0.099,3.2,11258,High,1,0,0.3265,Declined,1,thin_file_flag
APP-00173,US,62406,682,0.289,1.7,27631,Medium,0,0,0.5008,Declined,0,postcode_risk_band
APP-00174,US,23481,703,0.533,3.5,10077,Very High,0,0,0.2576,Declined,0,postcode_risk_band
APP-00177,US,30697,659,0.363,2.8,14106,Low,0,0,0.3748,Declined,0,credit_score
APP-00178,US,58656,666,0.222,6.3,17589,Medium,1,0,0.454,Declined,0,thin_file_flag
APP-00182,US,59616,638,0.279,1.0,34409,Very High,1,1,0.1327,Declined,0,postcode_risk_band
APP-00183,US,41966,733,0.311,1.9,15248,Medium,0,1,0.5682,Approved,0,income_instability_flag
APP-00184,US,32797,766,0.374,8.2,9210,Low,0,0,0.791,Approved,0,debt_to_income
APP-00185,US,41943,652,0.375,11.3,16124,Medium,0,0,0.4058,Declined,0,postcode_risk_band
APP-00188,US,23025,673,0.384,3.4,13676,Low,1,0,0.2767,Declined,0,thin_file_flag
APP-00191,US,30578,675,0.579,3.4,19983,High,0,1,0.1736,Declined,0,debt_to_income
APP-00192,US,58166,658,0.335,5.8,32047,Low,0,0,0.4833,Declined,0,credit_score
APP-00197,US,65117,635,0.14,5.1,22790,Medium,1,0,0.3825,Declined,1,thin_file_flag
APP-00199,US,88105,755,0.44,4.9,39253,Medium,0,0,0.7315,Approved,0,debt_to_income
APP-00208,US,30995,650,0.231,8.7,11705,Very High,0,0,0.3234,Declined,1,postcode_risk_band
APP-00209,US,30311,555,0.333,3.0,14300,Low,0,0,0.1352,Declined,1,credit_score
APP-00212,US,22142,650,0.249,0.7,6822,Very High,0,1,0.1768,Declined,0,postcode_risk_band
APP-00218,US,40125,615,0.598,4.6,24264,Low,0,0,0.1878,Declined,0,debt_to_income
APP-00219,US,39524,711,0.458,3.2,19892,High,0,0,0.4066,Declined,0,postcode_risk_band
APP-00222,US,54554,650,0.227,12.5,29439,Medium,0,0,0.4827,Declined,0,postcode_risk_band
APP-00225,US,39551,682,0.472,2.3,15540,Medium,1,0,0.28,Declined,0,thin_file_flag
APP-00226,US,57372,701,0.299,10.1,24526,Low,0,0,0.6849,Approved,0,credit_score
APP-00227,US,30473,608,0.444,1.3,11931,Low,1,0,0.1374,Declined,0,credit_score
APP-00229,US,44197,676,0.576,4.3,23186,Medium,0,0,0.3229,Declined,0,debt_to_income
APP-00231,US,67168,664,0.425,1.0,28330,Medium,0,1,0.3167,Declined,0,employment_length
APP-00233,US,45053,685,0.472,2.3,26708,Medium,0,0,0.3679,Declined,1,debt_to_income
APP-00237,US,35377,593,0.395,7.0,16490,Low,1,0,0.168,Declined,0,credit_score
APP-00240,US,49502,616,0.325,0.9,12562,Low,0,0,0.3137,Declined,0,credit_score
APP-00241,US,42638,780,0.1,17.9,7504,Low,0,0,0.9067,Approved,0,credit_score
APP-00247,US,28338,670,0.335,12.8,12731,Low,0,0,0.488,Declined,0,credit_score
APP-00248,US,43941,683,0.427,1.6,22079,Very High,0,0,0.2747,Declined,0,postcode_risk_band
APP-00249,US,36118,551,0.591,0.6,18969,Low,1,1,0.039,Declined,1,credit_score
APP-00251,US,60550,687,0.357,2.0,15007,Low,0,0,0.5656,Approved,0,credit_score
APP-00252,US,65002,633,0.547,4.3,22105,High,1,0,0.1598,Declined,1,debt_to_income
APP-00253,US,43625,726,0.202,1.3,17460,Medium,0,0,0.6507,Approved,0,employment_length
APP-00255,US,31714,625,0.266,3.1,14571,Medium,1,1,0.1644,Declined,0,thin_file_flag
APP-00256,US,18068,603,0.334,5.7,7983,High,0,1,0.1186,Declined,0,credit_score
APP-00257,US,46702,644,0.458,14.0,11779,Medium,0,1,0.3125,Declined,1,income_instability_flag
APP-00260,US,49286,665,0.216,1.6,13365,Medium,1,0,0.3763,Declined,0,thin_file_flag
APP-00261,US,79416,591,0.338,3.3,35980,High,1,1,0.1122,Declined,0,credit_score
APP-00265,US,36017,618,0.177,5.9,13943,Low,0,0,0.4036,Declined,0,credit_score
APP-00269,US,22569,584,0.05,7.7,7243,Very High,1,1,0.1144,Declined,1,credit_score
APP-00271,US,40933,691,0.28,17.0,12644,Low,0,0,0.6452,Approved,0,credit_score
APP-00272,US,26857,758,0.387,2.4,11956,Medium,0,0,0.6182,Approved,0,postcode_risk_band
APP-00274,US,29477,602,0.34,5.9,10684,High,0,1,0.1474,Declined,1,credit_score
APP-00275,US,59974,625,0.42,1.7,28171,Medium,0,0,0.2543,Declined,0,credit_score
APP-00276,US,60096,763,0.533,2.3,31537,Very High,0,1,0.4511,Declined,0,postcode_risk_band
APP-00277,US,28690,645,0.465,5.4,9210,Low,0,0,0.327,Declined,0,debt_to_income
APP-00280,US,87023,649,0.338,3.0,35442,Low,0,0,0.479,Declined,0,credit_score
APP-00281,US,63898,664,0.35,3.6,30579,Low,0,0,0.4866,Declined,1,credit_score
APP-00282,US,41097,593,0.464,7.1,11677,Very High,0,1,0.1076,Declined,1,credit_score
APP-00283,US,62794,691,0.256,8.3,12065,High,1,0,0.5022,Declined,0,thin_file_flag
APP-00285,US,42390,724,0.056,1.3,12771,Low,0,0,0.7624,Approved,0,employment_length
APP-00287,US,61184,581,0.364,9.9,27841,Low,0,0,0.2751,Declined,0,credit_score
APP-00288,US,37125,606,0.482,3.6,20277,High,1,0,0.0913,Declined,1,credit_score
APP-00290,US,71979,649,0.198,5.2,36329,Medium,0,0,0.4923,Declined,0,credit_score
APP-00291,US,34892,597,0.239,4.4,16281,Very High,0,0,0.1588,Declined,0,credit_score
APP-00292,US,36246,642,0.403,4.0,11924,Low,0,1,0.2976,Declined,0,income_instability_flag
APP-00294,US,63538,732,0.191,1.3,18571,Medium,0,0,0.7227,Approved,0,employment_length
APP-00297,US,41661,638,0.253,9.0,15119,High,0,1,0.3069,Declined,0,postcode_risk_band
APP-00300,US,35645,683,0.438,4.0,17826,Medium,1,0,0.2942,Declined,0,thin_file_flag
APP-00301,US,36958,567,0.158,5.3,17218,Low,1,0,0.1784,Declined,0,credit_score
APP-00302,US,36260,666,0.286,9.0,16723,High,0,0,0.4073,Declined,1,postcode_risk_band
APP-00311,US,36114,607,0.249,1.9,17941,Low,0,0,0.2743,Declined,0,credit_score
APP-00313,US,52312,728,0.394,3.7,24654,Low,0,1,0.5959,Approved,0,income_instability_flag
APP-00317,US,26497,621,0.2,0.7,8042,Low,0,0,0.3156,Declined,0,employment_length
APP-00321,US,62738,511,0.336,3.1,36026,Very High,1,0,0.0348,Declined,1,credit_score
APP-00322,US,53533,669,0.402,2.6,27123,Low,1,1,0.2857,Declined,0,thin_file_flag
APP-00327,US,43033,693,0.313,1.4,24505,High,0,0,0.3975,Declined,0,postcode_risk_band
APP-00328,US,66510,674,0.197,3.9,17190,Very High,0,0,0.4613,Declined,0,postcode_risk_band
APP-00330,US,38940,746,0.374,4.6,24078,High,0,0,0.5683,Approved,0,postcode_risk_band
APP-00331,US,43442,657,0.42,1.8,21623,High,1,0,0.1856,Declined,0,thin_file_flag
APP-00335,US,19326,596,0.161,6.5,6657,High,1,1,0.1164,Declined,1,credit_score
APP-00336,US,40023,580,0.364,5.1,17207,Medium,0,0,0.1768,Declined,1,credit_score
APP-00337,US,66896,513,0.486,2.4,24902,High,1,0,0.0368,Declined,1,credit_score
APP-00338,US,39569,589,0.414,8.2,16093,Medium,1,0,0.1451,Declined,0,credit_score
APP-00339,US,89232,688,0.503,11.4,43507,Medium,1,0,0.4246,Declined,0,thin_file_flag
APP-00341,US,58889,657,0.245,2.7,24244,Very High,1,0,0.2469,Declined,0,postcode_risk_band
APP-00342,US,52857,750,0.372,9.6,17591,High,0,0,0.6949,Approved,0,postcode_risk_band
APP-00347,US,41688,583,0.315,1.9,16380,High,0,0,0.143,Declined,1,credit_score
APP-00350,US,32057,640,0.363,12.2,20886,Low,0,0,0.3603,Declined,0,credit_score
APP-00351,US,50490,661,0.269,2.5,22876,High,0,0,0.3645,Declined,1,postcode_risk_band
APP-00352,US,61651,648,0.202,5.2,24196,Medium,0,0,0.4857,Declined,0,credit_score
APP-00354,US,49445,754,0.33,4.9,13928,High,0,0,0.6888,Approved,0,postcode_risk_band
APP-00355,US,35619,707,0.349,6.7,16236,Medium,0,0,0.5573,Declined,1,postcode_risk_band
APP-00358,US,26194,658,0.404,6.9,7521,Medium,0,0,0.3596,Declined,0,postcode_risk_band
APP-00360,US,45824,569,0.308,13.7,16351,High,1,0,0.1206,Declined,1,credit_score
APP-00361,US,49704,757,0.232,2.0,25778,Medium,0,0,0.7323,Approved,0,postcode_risk_band
APP-00364,US,23994,619,0.401,3.1,13457,High,0,0,0.1462,Declined,0,credit_score
APP-00365,US,46375,619,0.261,2.4,15670,Medium,0,0,0.305,Declined,0,credit_score
APP-00366,US,23863,480,0.277,2.6,14661,Medium,1,0,0.0265,Declined,0,credit_score
APP-00368,US,54691,793,0.527,2.6,30651,Low,0,0,0.7586,Approved,0,debt_to_income
APP-00369,US,56740,644,0.216,6.5,29337,Medium,1,0,0.3546,Declined,1,thin_file_flag
APP-00371,US,41540,734,0.339,11.4,17380,High,0,0,0.6268,Approved,0,postcode_risk_band
APP-00372,US,46688,711,0.188,8.8,11313,High,0,0,0.6636,Approved,0,postcode_risk_band
APP-00374,US,54266,744,0.286,1.3,24117,Low,0,0,0.7274,Approved,0,employment_length
APP-00377,US,46739,586,0.437,4.9,19456,Low,0,1,0.1717,Declined,0,credit_score
APP-00378,US,86949,715,0.282,6.8,30140,Low,0,0,0.763,Approved,0,credit_score
APP-00380,US,50400,713,0.146,1.7,15810,Medium,0,0,0.6684,Approved,0,postcode_risk_band
APP-00381,US,68021,698,0.361,2.2,36599,High,1,1,0.2993,Declined,0,thin_file_flag
APP-00382,US,61469,674,0.193,3.5,31881,Low,0,0,0.5902,Approved,0,credit_score
APP-00383,US,73721,664,0.391,2.7,31223,Low,0,0,0.4767,Declined,0,debt_to_income
APP-00386,US,82027,655,0.206,8.9,39642,High,0,0,0.4997,Declined,0,postcode_risk_band
APP-00387,US,73763,726,0.343,5.6,30697,Medium,0,0,0.6877,Approved,0,postcode_risk_band
APP-00388,US,35477,640,0.406,7.1,19532,Low,0,0,0.3521,Declined,1,credit_score
APP-00389,US,38796,632,0.417,4.3,15719,Low,1,0,0.2332,Declined,1,thin_file_flag
APP-00391,US,85691,684,0.291,3.1,38079,Low,0,0,0.6141,Approved,0,credit_score
APP-00393,US,26060,628,0.602,9.0,12984,High,0,0,0.1516,Declined,0,debt_to_income
APP-00394,US,33856,631,0.375,4.0,16163,Low,0,1,0.2563,Declined,0,income_instability_flag
APP-00396,US,27878,616,0.362,2.5,15467,Medium,0,0,0.1938,Declined,0,credit_score
APP-00399,US,82374,789,0.24,6.1,41018,Low,0,0,0.8916,Approved,0,credit_score
APP-00400,US,48386,823,0.268,2.6,13456,Very High,0,0,0.8151,Approved,0,postcode_risk_band
APP-00404,US,58683,655,0.579,9.2,31267,Medium,0,0,0.3309,Declined,0,debt_to_income
APP-00406,US,36778,728,0.513,3.2,15303,Medium,0,0,0.5036,Declined,0,debt_to_income
APP-00407,US,36349,711,0.35,1.3,15595,High,0,0,0.4378,Declined,0,postcode_risk_band
APP-00409,US,23548,610,0.332,6.9,8578,Medium,1,1,0.1374,Declined,0,credit_score
APP-00410,US,37896,790,0.137,4.4,10680,Low,0,1,0.8544,Approved,0,income_instability_flag
APP-00414,US,31648,641,0.451,2.2,13899,Low,0,0,0.2795,Declined,0,debt_to_income
APP-00415,US,31549,738,0.399,2.2,10986,High,0,0,0.5111,Declined,1,postcode_risk_band
APP-00416,US,45345,668,0.458,1.1,21518,Low,0,0,0.3738,Declined,1,employment_length
APP-00417,US,42110,692,0.344,9.9,12008,Low,0,0,0.6233,Approved,0,credit_score
APP-00418,US,64855,621,0.562,1.7,43645,Medium,1,0,0.1267,Declined,0,debt_to_income
APP-00419,US,30823,556,0.088,2.7,10461,Medium,0,0,0.1854,Declined,0,credit_score
APP-00420,US,64267,651,0.567,7.6,39326,High,0,0,0.265,Declined,1,debt_to_income
APP-00421,US,43390,655,0.229,8.0,24185,Low,0,1,0.4628,Declined,1,income_instability_flag
APP-00424,US,50093,553,0.317,1.6,23857,Low,1,0,0.1069,Declined,0,credit_score
APP-00425,US,29992,601,0.421,9.3,13505,Medium,0,0,0.2049,Declined,1,credit_score
APP-00427,US,73581,711,0.383,2.2,39624,High,0,1,0.4338,Declined,1,postcode_risk_band
APP-00430,US,45961,732,0.19,8.9,18292,Medium,0,0,0.7543,Approved,1,postcode_risk_band
APP-00432,US,24060,687,0.335,8.0,10794,Medium,1,0,0.3701,Declined,0,thin_file_flag
APP-00434,US,26358,658,0.419,0.0,12380,Medium,1,0,0.1808,Declined,0,employment_length
APP-00436,US,37807,611,0.484,2.7,13574,High,1,0,0.1027,Declined,0,credit_score
APP-00437,US,44318,676,0.342,6.2,14086,Medium,1,1,0.3333,Declined,0,thin_file_flag
APP-00441,US,33585,577,0.452,3.4,18763,High,0,0,0.0936,Declined,1,credit_score
APP-00443,US,75616,662,0.292,5.3,31391,Medium,0,1,0.4445,Declined,0,income_instability_flag
APP-00444,US,53530,638,0.161,2.9,24946,Low,0,1,0.4087,Declined,0,income_instability_flag
APP-00447,US,31746,696,0.342,4.6,11168,Low,1,1,0.3868,Declined,0,thin_file_flag
APP-00449,US,32072,716,0.398,1.9,18121,Low,0,1,0.4611,Declined,0,income_instability_flag
APP-00450,US,37740,678,0.422,17.9,18272,Medium,1,0,0.3421,Declined,1,thin_file_flag
APP-00451,US,49865,687,0.496,3.7,18962,Low,0,0,0.4754,Declined,0,debt_to_income
APP-00453,US,27776,583,0.504,10.0,14351,Very High,0,1,0.0693,Declined,1,credit_score
APP-00454,US,49905,571,0.334,0.2,31921,Medium,1,0,0.0904,Declined,0,credit_score
APP-00455,US,67156,677,0.336,9.3,28268,Medium,1,0,0.4524,Declined,1,thin_file_flag
APP-00456,US,30278,737,0.192,7.5,6527,Medium,0,0,0.7456,Approved,0,postcode_risk_band
APP-00459,US,28913,729,0.313,3.0,14298,Medium,0,0,0.5703,Approved,0,postcode_risk_band
APP-00461,US,53847,663,0.249,1.8,17396,High,0,0,0.3963,Declined,0,postcode_risk_band
APP-00463,US,61922,655,0.424,5.0,33099,High,0,0,0.3142,Declined,0,postcode_risk_band
APP-00464,US,39535,619,0.3,9.0,15167,Medium,0,1,0.2797,Declined,0,credit_score
APP-00466,US,68640,668,0.382,2.9,29554,Medium,0,0,0.434,Declined,0,postcode_risk_band
APP-00468,US,53963,730,0.235,4.0,30320,Low,0,0,0.7266,Approved,0,loan_amount
APP-00470,US,34136,666,0.332,7.6,15708,High,0,0,0.3728,Declined,0,postcode_risk_band
APP-00471,US,114678,721,0.299,3.0,51304,Low,0,0,0.7449,Approved,0,credit_score
APP-00473,US,21776,656,0.319,2.8,2998,High,0,0,0.2875,Declined,1,postcode_risk_band
APP-00475,US,57018,697,0.374,5.3,29082,Medium,0,0,0.5364,Declined,0,postcode_risk_band
APP-00478,US,38745,691,0.146,2.5,12850,High,1,0,0.4107,Declined,0,thin_file_flag
APP-00480,US,40812,639,0.295,4.9,27236,Medium,0,0,0.3239,Declined,0,credit_score
APP-00481,US,33085,606,0.299,1.8,11902,Medium,0,0,0.2181,Declined,0,credit_score
APP-00482,US,43207,763,0.412,9.5,20304,High,0,0,0.678,Approved,0,postcode_risk_band
APP-00483,US,35536,648,0.234,1.3,13800,High,0,0,0.3006,Declined,0,postcode_risk_band
APP-00485,US,35323,618,0.374,13.0,20053,Medium,0,0,0.2646,Declined,0,credit_score
APP-00486,US,35394,728,0.321,10.7,12627,Low,0,0,0.7148,Approved,0,credit_score
APP-00492,US,57921,614,0.208,2.0,18891,Very High,1,0,0.1659,Declined,1,postcode_risk_band
APP-00497,US,41137,648,0.382,2.6,17389,Medium,0,1,0.2635,Declined,0,income_instability_flag
APP-00498,US,29450,666,0.437,5.0,11198,High,0,0,0.2882,Declined,1,postcode_risk_band
APP-00500,US,56597,769,0.471,6.2,32414,Medium,1,1,0.5634,Approved,0,thin_file_flag
APP-00501,US,56784,717,0.33,4.6,25875,Low,0,1,0.6153,Approved,0,income_instability_flag
APP-00502,US,33743,729,0.358,4.5,16037,Low,0,0,0.6392,Approved,0,credit_score
APP-00505,US,48607,747,0.228,8.8,18776,Medium,0,1,0.7362,Approved,0,income_instability_flag
APP-00510,US,52482,644,0.335,0.7,18911,Low,0,1,0.3269,Declined,0,employment_length
APP-00511,US,69752,760,0.413,2.4,37399,Medium,0,0,0.6966,Approved,0,postcode_risk_band
APP-00512,US,65068,614,0.469,3.0,33183,Medium,0,0,0.224,Declined,1,credit_score
APP-00515,US,68978,626,0.427,4.1,40344,High,0,0,0.2299,Declined,0,credit_score
APP-00517,US,35030,700,0.218,10.8,16191,Very High,0,0,0.4927,Declined,0,postcode_risk_band
APP-00518,US,43993,583,0.503,1.8,27711,Medium,0,0,0.1146,Declined,1,credit_score
APP-00519,US,53929,726,0.261,1.3,21920,Medium,0,0,0.6434,Approved,0,employment_length
APP-00520,US,53898,677,0.414,3.9,24750,Medium,0,0,0.4301,Declined,0,postcode_risk_band
APP-00524,US,26798,554,0.523,4.7,13332,Very High,0,1,0.0386,Declined,0,credit_score
APP-00528,US,35008,622,0.363,2.1,14194,Medium,0,1,0.1932,Declined,0,credit_score
APP-00530,US,27523,693,0.259,3.1,13772,Medium,0,0,0.4725,Declined,0,postcode_risk_band
APP-00532,US,31241,599,0.309,3.0,18497,Low,1,0,0.1562,Declined,0,credit_score
APP-00533,US,28796,750,0.526,2.1,13805,Medium,0,0,0.5193,Declined,0,debt_to_income
APP-00534,US,36612,682,0.233,1.7,10305,Medium,0,1,0.4315,Declined,0,income_instability_flag
APP-00537,US,49598,639,0.528,16.9,21124,Low,0,0,0.3528,Declined,1,debt_to_income
APP-00538,US,52323,727,0.314,3.4,21729,Low,0,0,0.6919,Approved,0,credit_score
APP-00539,US,44302,659,0.245,8.9,17012,Low,0,0,0.5575,Declined,0,credit_score
APP-00540,US,49995,694,0.27,7.8,16688,Low,0,0,0.6735,Approved,0,credit_score
APP-00541,US,35281,663,0.291,3.1,17453,Very High,0,0,0.2754,Declined,0,postcode_risk_band
APP-00542,US,27620,495,0.512,4.5,12815,Medium,1,0,0.0256,Declined,1,credit_score
APP-00544,US,70966,796,0.312,2.2,40807,High,0,1,0.7299,Approved,0,postcode_risk_band
APP-00545,US,40015,662,0.156,5.1,7874,High,0,0,0.4705,Declined,0,postcode_risk_band
APP-00547,US,40750,761,0.509,5.5,15561,Low,0,0,0.7071,Approved,1,debt_to_income
APP-00549,US,39561,711,0.454,6.2,14907,Medium,0,1,0.4698,Declined,0,income_instability_flag
APP-00551,US,87815,685,0.452,1.3,44782,Low,0,0,0.5035,Declined,0,employment_length
APP-00552,US,62988,756,0.336,2.7,23339,Low,0,0,0.773,Approved,0,credit_score
APP-00554,US,62856,800,0.25,2.1,18929,Medium,0,0,0.8566,Approved,0,postcode_risk_band
APP-00555,US,28541,684,0.567,4.7,15852,High,0,1,0.2115,Declined,1,debt_to_income
APP-00556,US,46570,777,0.476,4.2,24644,High,0,0,0.6433,Approved,0,postcode_risk_band
APP-00561,US,63254,649,0.321,8.4,36186,Very High,0,1,0.2724,Declined,1,postcode_risk_band
APP-00562,US,76609,697,0.489,5.2,46899,Low,0,0,0.548,Declined,0,debt_to_income
APP-00564,US,48132,565,0.357,2.6,14765,High,1,0,0.084,Declined,0,credit_score
APP-00566,US,49260,733,0.136,2.0,11359,Medium,0,0,0.7402,Approved,0,postcode_risk_band
APP-00569,US,31238,792,0.36,8.7,7848,Low,0,0,0.8464,Approved,0,credit_score
APP-00570,US,59000,597,0.582,6.0,34490,Low,1,0,0.138,Declined,1,credit_score
APP-00572,US,45286,717,0.186,5.1,13240,Low,0,0,0.7393,Approved,0,credit_score
APP-00574,US,42261,639,0.418,0.6,12854,High,0,0,0.2202,Declined,0,employment_length
APP-00576,US,43493,730,0.424,3.5,26917,High,1,0,0.3829,Declined,0,thin_file_flag
APP-00583,US,49379,697,0.249,3.1,11916,High,0,0,0.5296,Declined,0,postcode_risk_band
APP-00584,US,64817,682,0.43,6.9,22875,Very High,0,0,0.3923,Declined,0,postcode_risk_band
APP-00585,US,41094,605,0.433,0.7,19706,Low,1,1,0.1136,Declined,0,credit_score
APP-00587,US,66330,679,0.496,3.5,35517,Low,0,0,0.4553,Declined,1,debt_to_income
APP-00588,US,54321,651,0.311,7.4,26121,Low,0,0,0.4968,Declined,0,credit_score
APP-00589,US,65403,690,0.317,6.6,24736,Low,1,1,0.4826,Declined,0,thin_file_flag
APP-00591,US,47436,660,0.24,4.2,21386,Medium,0,0,0.4547,Declined,0,postcode_risk_band
APP-00592,US,79836,676,0.214,5.1,33070,High,0,0,0.5334,Declined,0,postcode_risk_band
APP-00593,US,38093,715,0.558,2.9,20064,Medium,0,0,0.4205,Declined,1,debt_to_income
APP-00594,US,94332,729,0.285,3.3,41363,Medium,0,0,0.7157,Approved,0,postcode_risk_band
APP-00595,US,103965,708,0.277,5.1,42426,High,1,0,0.5341,Declined,0,thin_file_flag
APP-00596,US,38097,749,0.274,1.4,21276,High,0,0,0.5925,Approved,0,postcode_risk_band
APP-00597,US,46672,730,0.279,8.6,19552,Low,1,0,0.6687,Approved,0,thin_file_flag
APP-00602,US,54563,713,0.289,7.5,19256,Medium,0,0,0.6754,Approved,0,postcode_risk_band
APP-00604,US,30160,714,0.183,4.0,12666,Very High,0,0,0.4927,Declined,1,postcode_risk_band
APP-00607,US,38460,677,0.337,5.7,24557,High,0,0,0.369,Declined,0,postcode_risk_band
APP-00611,US,39589,642,0.288,4.4,18441,High,0,0,0.2963,Declined,0,postcode_risk_band
APP-00612,US,56911,681,0.269,2.8,27698,Medium,0,1,0.444,Declined,1,income_instability_flag
APP-00616,US,37852,618,0.207,0.6,12935,Medium,1,0,0.2081,Declined,1,employment_length
APP-00617,US,45703,695,0.491,3.4,13492,High,0,0,0.3855,Declined,0,debt_to_income
APP-00621,US,48825,712,0.254,1.4,23760,Low,0,0,0.6341,Approved,0,employment_length
APP-00624,US,71194,668,0.452,4.7,39558,Medium,0,1,0.3499,Declined,0,income_instability_flag
APP-00625,US,33881,676,0.297,2.1,16058,Medium,0,0,0.4096,Declined,0,postcode_risk_band
APP-00626,US,40923,642,0.331,1.4,10118,Medium,0,0,0.3277,Declined,0,employment_length
APP-00628,US,21445,627,0.233,9.3,6566,Medium,1,0,0.2502,Declined,0,thin_file_flag
APP-00631,US,60338,670,0.377,2.2,21724,Low,0,0,0.4841,Declined,0,debt_to_income
APP-00633,US,34783,714,0.464,17.0,19005,High,0,0,0.458,Declined,0,postcode_risk_band
APP-00636,US,43347,717,0.347,6.1,15763,Medium,1,0,0.5146,Declined,0,thin_file_flag
APP-00638,US,45980,586,0.319,0.6,23103,Low,1,0,0.1431,Declined,0,credit_score
APP-00639,US,50104,665,0.333,7.2,23960,High,0,0,0.4023,Declined,0,postcode_risk_band
APP-00640,US,35729,658,0.418,5.3,21524,Medium,0,1,0.2714,Declined,0,income_instability_flag
APP-00642,US,31705,649,0.236,3.2,11517,Medium,0,0,0.3758,Declined,0,credit_score
APP-00645,US,50881,675,0.43,5.7,25283,Medium,0,0,0.4278,Declined,0,debt_to_income
APP-00648,US,28374,702,0.296,3.9,16194,Medium,0,0,0.4877,Declined,1,postcode_risk_band
APP-00649,US,48734,606,0.189,9.4,11316,Medium,1,0,0.2939,Declined,0,credit_score
APP-00652,US,79165,719,0.419,3.5,37074,Medium,0,0,0.6038,Approved,0,debt_to_income
APP-00655,US,50579,591,0.454,0.7,26298,Low,0,1,0.1422,Declined,0,credit_score
APP-00658,US,47015,777,0.46,5.2,21969,Medium,0,1,0.6745,Approved,0,income_instability_flag
APP-00661,US,24067,606,0.443,2.6,9248,Medium,0,1,0.1254,Declined,0,credit_score
APP-00664,US,19259,571,0.375,5.5,8356,Very High,1,0,0.0515,Declined,1,credit_score
APP-00665,US,35578,666,0.317,5.3,13242,High,0,0,0.3668,Declined,0,postcode_risk_band
APP-00666,US,29986,739,0.445,0.4,19047,Very High,0,0,0.3619,Declined,0,employment_length
APP-00667,US,80188,686,0.207,2.3,39155,Medium,0,0,0.5863,Approved,0,postcode_risk_band
APP-00672,US,47518,646,0.406,3.3,16093,Medium,0,1,0.2782,Declined,1,income_instability_flag
APP-00674,US,61991,670,0.398,2.6,27195,Low,0,0,0.4703,Declined,0,debt_to_income
APP-00675,US,67442,653,0.28,5.6,13798,Medium,0,1,0.4422,Declined,1,income_instability_flag
APP-00676,US,77922,768,0.437,2.9,32154,Medium,0,0,0.7385,Approved,0,debt_to_income
APP-00679,US,39619,717,0.468,3.5,20059,Low,1,0,0.4398,Declined,0,thin_file_flag
APP-00680,US,28693,614,0.408,1.4,16947,High,0,0,0.1327,Declined,1,credit_score
APP-00681,US,87446,768,0.395,5.3,41868,Low,0,1,0.7759,Approved,0,income_instability_flag
APP-00683,US,49447,629,0.186,7.1,16673,Low,0,0,0.4942,Declined,0,credit_score
APP-00684,US,75708,629,0.359,11.4,37010,Low,0,0,0.4419,Declined,0,credit_score
APP-00685,US,39349,659,0.447,10.5,28662,High,0,1,0.2357,Declined,0,postcode_risk_band
APP-00686,US,90780,654,0.307,6.2,24445,Low,0,0,0.5802,Approved,0,credit_score
APP-00690,US,68804,724,0.504,8.3,34599,High,0,0,0.5535,Declined,0,debt_to_income
APP-00692,US,53250,579,0.224,0.7,29083,Medium,0,0,0.1918,Declined,0,credit_score
APP-00694,US,69646,723,0.165,1.5,19239,High,0,0,0.6665,Approved,0,postcode_risk_band
APP-00695,US,34798,605,0.167,2.4,7755,High,1,1,0.1409,Declined,0,credit_score
APP-00696,US,46771,719,0.302,9.7,21499,Low,0,0,0.7115,Approved,0,credit_score
APP-00699,US,32859,579,0.319,17.8,16835,Medium,0,0,0.1924,Declined,0,credit_score
APP-00700,US,32056,558,0.444,3.4,20025,Medium,1,0,0.0612,Declined,1,credit_score
APP-00702,US,38839,769,0.387,4.2,21543,Low,0,0,0.7412,Approved,1,debt_to_income
APP-00703,US,32806,620,0.289,0.7,15736,Medium,0,0,0.2314,Declined,0,employment_length
APP-00707,US,55373,758,0.329,4.3,28544,Medium,0,0,0.7297,Approved,0,postcode_risk_band
APP-00710,US,81636,625,0.249,6.1,35743,Low,0,0,0.4757,Declined,0,credit_score
APP-00711,US,44982,758,0.63,3.5,22184,Low,0,0,0.6122,Approved,0,debt_to_income
APP-00715,US,45018,695,0.366,3.2,11583,High,0,0,0.4502,Declined,0,postcode_risk_band
APP-00716,US,28684,723,0.297,9.8,11866,Low,0,0,0.6844,Approved,0,credit_score
APP-00718,US,65009,719,0.408,6.5,33752,High,0,0,0.5576,Declined,0,postcode_risk_band
APP-00726,US,31221,614,0.309,3.2,13892,Medium,1,0,0.1668,Declined,1,credit_score
APP-00728,US,24785,629,0.41,10.9,7920,Low,1,0,0.2378,Declined,1,thin_file_flag
APP-00729,US,36598,660,0.238,13.7,11027,Low,0,0,0.5551,Declined,0,credit_score
APP-00732,US,49208,672,0.401,7.0,27635,Low,0,0,0.4921,Declined,0,debt_to_income
APP-00734,US,43158,657,0.423,8.8,16543,High,0,1,0.2868,Declined,0,postcode_risk_band
APP-00735,US,24543,658,0.422,8.0,7550,High,1,0,0.2183,Declined,0,thin_file_flag
APP-00736,US,56336,622,0.34,5.0,21347,Very High,1,0,0.1595,Declined,0,postcode_risk_band
APP-00737,US,36815,758,0.472,3.5,12777,High,0,1,0.5132,Declined,0,postcode_risk_band
APP-00740,US,52515,618,0.415,4.5,25555,Medium,0,0,0.2544,Declined,0,credit_score
APP-00743,US,39096,714,0.552,7.3,24319,Low,0,0,0.5242,Declined,0,debt_to_income
APP-00744,US,44996,640,0.54,10.6,22703,Medium,0,0,0.2833,Declined,0,debt_to_income
APP-00745,US,37106,737,0.31,15.8,17339,Low,0,0,0.7351,Approved,0,credit_score
APP-00746,US,58508,756,0.394,0.0,22503,High,0,0,0.6068,Approved,0,employment_length
APP-00747,US,34915,611,0.581,2.1,22555,Low,0,1,0.1238,Declined,1,debt_to_income
APP-00753,US,31955,630,0.05,6.5,12476,High,0,1,0.3286,Declined,0,postcode_risk_band
APP-00757,US,111197,760,0.321,1.8,37676,Low,0,0,0.8228,Approved,0,employment_length
APP-00759,US,91325,802,0.179,7.0,30313,Medium,0,0,0.9155,Approved,0,postcode_risk_band
APP-00760,US,19641,622,0.331,19.6,7604,High,0,0,0.2146,Declined,0,credit_score
APP-00761,US,33433,630,0.367,5.1,6744,Medium,0,0,0.3063,Declined,1,credit_score
APP-00762,US,41431,598,0.345,1.5,15064,Low,0,0,0.2352,Declined,0,credit_score
APP-00763,US,63527,659,0.414,11.0,24051,Low,1,1,0.3479,Declined,0,thin_file_flag
APP-00764,US,32451,679,0.348,4.0,8160,Medium,0,0,0.4457,Declined,0,postcode_risk_band
APP-00766,US,34522,533,0.356,3.9,19454,Medium,0,0,0.0858,Declined,1,credit_score
APP-00767,US,26055,662,0.272,3.4,15885,Medium,0,0,0.348,Declined,0,postcode_risk_band
APP-00768,US,65295,715,0.277,5.5,24819,Medium,0,0,0.677,Approved,0,postcode_risk_band
APP-00769,US,40400,596,0.318,8.0,19038,High,1,1,0.1176,Declined,1,credit_score
APP-00770,US,29011,622,0.592,2.2,12402,Low,0,1,0.144,Declined,0,debt_to_income
APP-00771,US,20073,630,0.301,7.0,5517,Low,0,0,0.3484,Declined,0,credit_score
APP-00773,US,53152,604,0.337,3.6,23738,High,0,1,0.1636,Declined,1,credit_score
APP-00780,US,84250,744,0.39,4.3,46149,High,0,0,0.6425,Approved,0,postcode_risk_band
APP-00782,US,57792,571,0.442,5.8,22874,Medium,0,0,0.168,Declined,0,credit_score
APP-00783,US,33677,715,0.354,3.7,21116,Very High,0,0,0.3866,Declined,0,postcode_risk_band
APP-00786,US,66738,638,0.28,4.6,21042,Medium,0,0,0.4234,Declined,1,credit_score
APP-00787,US,67839,724,0.596,4.3,34906,High,0,0,0.4514,Declined,0,debt_to_income
APP-00788,US,46624,660,0.363,3.7,21625,Low,0,0,0.4346,Declined,0,credit_score
APP-00789,US,48318,751,0.278,2.8,20127,Low,0,0,0.7575,Approved,0,credit_score
APP-00792,US,37628,728,0.277,3.5,14008,Very High,0,0,0.5156,Declined,0,postcode_risk_band
APP-00794,US,57365,713,0.331,6.8,30402,High,1,0,0.4616,Declined,0,thin_file_flag
APP-00800,US,69633,638,0.333,2.4,27477,High,0,0,0.3041,Declined,0,postcode_risk_band
APP-00801,US,25306,524,0.249,7.8,10870,Medium,1,1,0.0584,Declined,1,credit_score
APP-00802,US,46654,731,0.411,0.9,18945,Low,0,0,0.6167,Approved,0,employment_length
APP-00804,US,65781,719,0.21,4.3,11938,Medium,0,0,0.7286,Approved,0,postcode_risk_band
APP-00805,US,46708,599,0.224,2.9,13706,Low,0,0,0.3231,Declined,0,credit_score
APP-00807,US,78241,683,0.382,3.0,45214,Medium,1,0,0.3767,Declined,1,thin_file_flag
APP-00809,US,22831,716,0.277,3.7,4686,High,0,0,0.5058,Declined,0,postcode_risk_band
APP-00811,US,57863,597,0.165,4.4,24348,Medium,0,0,0.3191,Declined,0,credit_score
APP-00812,US,47110,664,0.541,0.8,21294,Medium,1,0,0.2025,Declined,0,debt_to_income
APP-00815,US,104298,691,0.285,2.5,36724,Low,0,1,0.6061,Approved,0,income_instability_flag
APP-00816,US,46623,711,0.365,1.9,30390,Low,0,0,0.5533,Declined,1,loan_amount
APP-00817,US,73374,674,0.246,3.7,36379,Low,0,0,0.5884,Approved,0,credit_score
APP-00821,US,41420,711,0.223,11.2,14162,Low,1,0,0.6351,Approved,0,thin_file_flag
APP-00825,US,92161,765,0.384,4.0,38072,High,0,0,0.728,Approved,0,postcode_risk_band
APP-00828,US,64851,625,0.515,4.1,34951,High,1,0,0.1385,Declined,0,thin_file_flag
APP-00832,US,51482,752,0.302,1.5,12146,Low,0,0,0.7621,Approved,0,employment_length
APP-00833,US,32112,666,0.491,5.6,14502,Medium,0,0,0.3259,Declined,0,debt_to_income
APP-00836,US,50043,720,0.45,5.7,26870,Medium,0,0,0.5609,Approved,0,debt_to_income
APP-00837,US,80346,718,0.392,3.3,26369,Low,0,0,0.6817,Approved,0,debt_to_income
APP-00841,US,57700,702,0.305,2.0,26541,Medium,0,0,0.5526,Declined,0,postcode_risk_band
APP-00843,US,30049,662,0.342,7.1,20413,Low,0,0,0.4189,Declined,0,loan_amount
APP-00844,US,40421,625,0.305,5.9,12568,Medium,0,0,0.3343,Declined,0,credit_score
APP-00845,US,56497,702,0.496,3.9,21725,Low,0,0,0.5421,Declined,0,debt_to_income
APP-00846,US,46009,790,0.09,6.8,19067,Low,0,0,0.9055,Approved,0,credit_score
APP-00847,US,40619,659,0.089,5.2,13209,Medium,0,0,0.5448,Declined,0,postcode_risk_band
APP-00848,US,22748,656,0.309,0.0,8044,High,1,0,0.1728,Declined,0,employment_length
APP-00852,US,63175,690,0.226,3.1,13512,Low,0,0,0.6635,Approved,1,credit_score
APP-00854,US,43690,635,0.269,4.8,27699,Medium,0,0,0.3339,Declined,1,credit_score
APP-00857,US,42075,581,0.191,9.8,12399,Low,0,0,0.3361,Declined,0,credit_score
APP-00859,US,22251,514,0.176,4.3,7025,Medium,0,1,0.074,Declined,0,credit_score
APP-00861,US,29807,633,0.298,8.1,12637,Low,1,1,0.2492,Declined,0,thin_file_flag
APP-00862,US,46155,549,0.441,1.1,18830,Very High,1,1,0.0313,Declined,1,credit_score
APP-00867,US,32198,700,0.287,0.6,16669,Low,0,0,0.5172,Declined,1,employment_length
APP-00871,US,27660,598,0.394,2.7,10983,Medium,0,0,0.1629,Declined,0,credit_score
APP-00873,US,61679,642,0.414,1.7,22055,Low,0,0,0.3692,Declined,0,credit_score
APP-00875,US,89784,642,0.138,10.2,33700,Medium,0,0,0.5815,Approved,0,credit_score
APP-00876,US,73777,780,0.29,3.7,35696,High,0,0,0.7733,Approved,0,postcode_risk_band
APP-00879,US,21336,703,0.285,11.4,11859,Very High,0,0,0.3997,Declined,0,postcode_risk_band
APP-00880,US,52092,680,0.367,4.9,20787,Low,1,0,0.4335,Declined,1,thin_file_flag
APP-00882,US,24741,607,0.408,2.4,11594,Low,0,0,0.1926,Declined,0,credit_score
APP-00884,US,106870,572,0.285,1.6,37500,Low,0,0,0.2759,Declined,1,credit_score
APP-00886,US,48905,690,0.256,1.0,17510,Medium,0,0,0.5204,Declined,0,employment_length
APP-00888,US,74404,659,0.219,2.1,24755,Low,0,0,0.5558,Declined,0,credit_score
APP-00889,US,24408,681,0.542,3.6,12893,Medium,1,1,0.1709,Declined,0,debt_to_income
APP-00893,US,51536,711,0.35,7.1,21668,Very High,0,0,0.4977,Declined,0,postcode_risk_band
APP-00894,US,33017,545,0.335,5.5,12072,Very High,0,0,0.0774,Declined,0,credit_score
APP-00896,US,33475,723,0.143,1.8,10883,Low,0,0,0.7063,Approved,0,employment_length
APP-00897,US,33885,649,0.215,3.8,11575,Low,1,0,0.3571,Declined,0,thin_file_flag
APP-00898,US,40128,682,0.183,7.3,9046,Low,0,0,0.664,Approved,0,credit_score
APP-00899,US,31234,621,0.413,0.2,14211,Low,0,1,0.1806,Declined,0,employment_length
APP-00901,US,56565,699,0.116,2.2,12875,Medium,1,1,0.5086,Declined,0,thin_file_flag
APP-00902,US,55951,615,0.408,12.8,30827,Low,0,0,0.3324,Declined,1,credit_score
APP-00903,US,31206,685,0.573,4.6,17409,High,0,0,0.2627,Declined,0,debt_to_income
APP-00904,US,38672,648,0.561,5.1,21469,Low,1,1,0.1721,Declined,1,debt_to_income
APP-00905,US,86346,681,0.404,10.5,42826,Low,0,0,0.6059,Approved,0,debt_to_income
APP-00906,US,97150,612,0.185,3.4,42394,Medium,0,0,0.3946,Declined,0,credit_score
APP-00907,US,61725,664,0.208,2.5,18874,Low,1,0,0.4622,Declined,0,thin_file_flag
APP-00909,US,27994,611,0.116,3.7,1792,Low,1,0,0.3049,Declined,1,credit_score
APP-00910,US,36685,604,0.26,2.6,12289,High,0,0,0.2015,Declined,0,credit_score
APP-00913,US,21466,628,0.276,1.1,13243,Very High,0,0,0.1402,Declined,1,postcode_risk_band
APP-00916,US,68889,703,0.329,16.9,23836,Low,0,0,0.7048,Approved,0,credit_score
APP-00917,US,67969,653,0.452,4.1,45698,Low,0,0,0.3837,Declined,0,debt_to_income
APP-00918,US,64662,751,0.513,5.9,23187,Medium,0,0,0.6816,Approved,0,debt_to_income
APP-00919,US,29426,710,0.135,2.8,9464,Very High,0,0,0.4994,Declined,0,postcode_risk_band
APP-00921,US,38432,724,0.324,8.6,10344,Very High,0,0,0.5563,Declined,0,postcode_risk_band
APP-00922,US,55887,679,0.437,3.6,22166,Low,0,0,0.4884,Declined,0,debt_to_income
APP-00923,US,34505,693,0.596,1.9,16578,Low,0,0,0.3658,Declined,0,debt_to_income
APP-00925,US,46376,613,0.328,9.9,15222,Low,0,0,0.3748,Declined,0,credit_score
APP-00928,US,27804,567,0.145,2.6,11110,Medium,1,0,0.1237,Declined,1,credit_score
APP-00929,US,43686,748,0.396,2.9,22827,Low,0,0,0.6791,Approved,0,debt_to_income
APP-00932,US,55537,641,0.353,1.7,27258,Low,0,0,0.3669,Declined,1,credit_score
APP-00933,US,49280,562,0.414,1.5,25593,Medium,0,1,0.0917,Declined,0,credit_score
APP-00934,US,45601,505,0.287,1.3,21329,Medium,1,0,0.0482,Declined,0,credit_score
APP-00936,US,28886,647,0.437,2.4,17357,Low,0,1,0.2296,Declined,0,income_instability_flag
APP-00937,US,29390,691,0.205,6.0,8734,High,0,0,0.5058,Declined,0,postcode_risk_band
APP-00944,US,53238,731,0.343,8.5,24913,Medium,1,0,0.5968,Approved,0,thin_file_flag
APP-00945,US,18000,620,0.442,2.5,5775,Low,0,0,0.2009,Declined,0,credit_score
APP-00946,US,44463,678,0.419,1.8,24108,High,1,0,0.2299,Declined,0,thin_file_flag
APP-00947,US,36541,724,0.581,7.4,25424,Low,0,0,0.5258,Declined,0,debt_to_income
APP-00949,US,20485,640,0.357,6.0,8645,Low,0,0,0.323,Declined,1,credit_score
APP-00951,US,77240,697,0.203,1.8,25815,High,0,0,0.5722,Approved,0,postcode_risk_band
APP-00954,US,43014,678,0.386,6.4,20901,Low,0,1,0.4456,Declined,0,income_instability_flag
APP-00955,US,53582,701,0.398,6.5,27415,Low,0,0,0.6002,Approved,0,debt_to_income
APP-00956,US,25670,615,0.524,2.0,17372,High,0,0,0.102,Declined,0,credit_score
APP-00957,US,49880,647,0.277,4.2,20619,Medium,1,0,0.3077,Declined,0,thin_file_flag
APP-00958,US,24315,688,0.259,10.1,6620,High,1,0,0.3748,Declined,1,thin_file_flag
APP-00961,US,60352,598,0.284,1.3,22747,Medium,0,0,0.246,Declined,1,credit_score
APP-00964,US,71728,619,0.363,9.7,27862,Very High,0,0,0.2568,Declined,0,postcode_risk_band
APP-00965,US,89745,691,0.19,4.0,39830,Low,0,0,0.6989,Approved,0,credit_score
APP-00968,US,65806,742,0.307,0.4,19031,Medium,0,0,0.6937,Approved,0,employment_length
APP-00970,US,63353,639,0.307,2.5,25572,Medium,0,0,0.3677,Declined,0,credit_score
APP-00971,US,40912,724,0.393,7.7,18530,Medium,0,0,0.6193,Approved,0,postcode_risk_band
APP-00973,US,89531,659,0.46,1.3,41688,Low,0,0,0.4208,Declined,0,debt_to_income
APP-00975,US,23228,712,0.335,3.3,9350,High,0,0,0.4301,Declined,0,postcode_risk_band
APP-00976,US,46110,634,0.318,3.8,21810,Very High,1,0,0.1591,Declined,0,postcode_risk_band
APP-00978,US,52582,733,0.33,0.9,25166,Low,0,1,0.6069,Approved,0,employment_length
APP-00979,US,46297,709,0.405,4.1,13785,High,0,1,0.4246,Declined,1,postcode_risk_band
APP-00982,US,104488,713,0.271,3.7,39111,Low,0,0,0.743,Approved,0,credit_score
APP-00983,US,32474,666,0.41,2.2,15047,Medium,0,0,0.3218,Declined,0,postcode_risk_band
APP-00984,US,65329,732,0.372,8.1,40062,High,0,0,0.6255,Approved,0,postcode_risk_band
APP-00986,US,60691,599,0.409,4.2,30436,Low,0,1,0.2126,Declined,0,credit_score
APP-00988,US,32851,706,0.112,8.7,7477,Medium,0,0,0.7072,Approved,0,postcode_risk_band
APP-00989,US,36562,661,0.426,1.5,16317,Very High,0,0,0.2105,Declined,0,postcode_risk_band
APP-00995,US,56492,625,0.308,5.6,13787,Low,0,0,0.4251,Declined,0,credit_score
APP-00996,US,52247,691,0.549,13.1,26595,High,1,0,0.2946,Declined,0,debt_to_income
APP-00998,US,56718,666,0.191,2.4,18421,Medium,1,0,0.4102,Declined,0,thin_file_flag
APP-01003,US,53209,706,0.35,8.9,22965,Low,0,0,0.6683,Approved,0,credit_score
APP-01004,US,20407,652,0.386,1.0,10873,Low,1,1,0.1612,Declined,0,thin_file_flag
APP-01005,US,37741,689,0.346,2.8,14833,Very High,0,0,0.341,Declined,1,postcode_risk_band
APP-01006,US,33030,579,0.362,6.0,10926,Medium,0,0,0.1785,Declined,1,credit_score
APP-01007,US,30237,665,0.476,3.7,9120,Medium,0,0,0.3201,Declined,0,debt_to_income
APP-01009,US,61735,713,0.346,5.8,30851,Low,0,0,0.6704,Approved,0,credit_score
APP-01015,US,38346,670,0.5,1.5,20417,High,0,1,0.1987,Declined,0,debt_to_income
APP-01016,US,49980,671,0.339,1.0,27183,Low,1,0,0.3435,Declined,0,thin_file_flag
APP-01023,US,54179,640,0.299,12.4,22083,Low,0,0,0.4845,Declined,0,credit_score
APP-01024,US,49577,659,0.247,5.8,19185,Very High,0,0,0.3624,Declined,0,postcode_risk_band
APP-01025,US,58734,684,0.376,1.4,34449,Low,0,0,0.4851,Declined,0,employment_length
APP-01026,US,23486,568,0.369,1.1,9133,Low,0,0,0.1271,Declined,1,credit_score
APP-01027,US,31008,747,0.341,4.2,12314,Low,0,0,0.6988,Approved,0,credit_score
APP-01028,US,55799,629,0.323,9.1,31317,Low,0,0,0.4165,Declined,0,credit_score
APP-01032,US,45727,626,0.214,3.7,26024,Low,0,0,0.3824,Declined,0,credit_score
APP-01033,US,33865,687,0.187,3.1,9050,Medium,1,0,0.4424,Declined,0,thin_file_flag
APP-01036,US,24459,686,0.447,5.3,13178,High,0,0,0.3071,Declined,0,postcode_risk_band
APP-01038,US,38631,634,0.475,6.3,19394,Medium,1,0,0.1895,Declined,0,thin_file_flag
APP-01039,US,24675,589,0.456,5.7,9676,Low,0,0,0.1747,Declined,1,credit_score
APP-01040,US,45014,650,0.306,5.1,20444,Medium,0,0,0.3938,Declined,0,postcode_risk_band
APP-01048,US,78641,720,0.277,8.7,29974,High,0,0,0.6831,Approved,1,postcode_risk_band
APP-01050,US,104322,727,0.27,9.8,48650,High,0,0,0.7222,Approved,0,postcode_risk_band
APP-01057,US,25808,613,0.453,6.6,9472,Medium,0,0,0.2046,Declined,0,credit_score
APP-01058,US,83348,654,0.377,10.7,24908,Medium,1,0,0.3966,Declined,0,thin_file_flag
APP-01059,US,48923,637,0.347,1.5,25041,Medium,0,0,0.2917,Declined,0,credit_score
APP-01060,US,27585,612,0.251,2.0,11011,Low,0,0,0.2752,Declined,0,credit_score
APP-01063,US,37742,737,0.2,2.7,17402,Medium,0,0,0.6795,Approved,0,postcode_risk_band
APP-01066,US,43081,646,0.282,9.9,15094,Medium,0,0,0.4415,Declined,0,credit_score
APP-01074,US,53754,627,0.257,3.5,27410,Low,1,0,0.2932,Declined,0,thin_file_flag
APP-01075,US,36609,647,0.317,4.6,16847,Low,0,0,0.4015,Declined,0,credit_score
APP-01076,US,44295,668,0.54,6.2,26576,Low,0,0,0.3796,Declined,0,debt_to_income
APP-01080,US,99806,705,0.334,8.5,30433,Medium,0,0,0.7021,Approved,0,postcode_risk_band
APP-01081,US,52248,707,0.174,2.1,14212,Medium,0,0,0.651,Approved,0,postcode_risk_band
APP-01082,US,68563,658,0.368,1.7,37429,High,1,1,0.1924,Declined,1,thin_file_flag
APP-01083,US,55516,639,0.279,4.9,17598,Medium,0,0,0.4108,Declined,0,credit_score
APP-01084,US,52590,747,0.499,5.6,19894,Low,1,0,0.6024,Approved,0,thin_file_flag
APP-01086,US,39566,738,0.307,2.4,20265,High,0,0,0.5635,Approved,0,postcode_risk_band
APP-01087,US,43067,800,0.442,3.0,29828,Medium,0,0,0.7381,Approved,0,debt_to_income
APP-01089,US,83011,769,0.483,2.9,30986,Medium,0,0,0.7323,Approved,0,debt_to_income
APP-01090,US,42025,588,0.348,8.3,13450,High,1,0,0.1381,Declined,0,credit_score
APP-01092,US,59755,793,0.148,3.5,19855,High,0,0,0.8433,Approved,0,postcode_risk_band
APP-01093,US,27239,707,0.245,6.0,6886,Low,0,0,0.6518,Approved,0,credit_score
APP-01099,US,43618,652,0.249,4.9,10416,High,0,0,0.3905,Declined,0,postcode_risk_band
APP-01102,US,39257,663,0.249,7.0,15107,High,0,0,0.4224,Declined,0,postcode_risk_band
APP-01105,US,37159,704,0.452,9.4,18640,Medium,0,0,0.5093,Declined,0,debt_to_income
APP-01108,US,65048,683,0.177,9.6,22963,Low,0,0,0.7087,Approved,0,credit_score
APP-01112,US,34569,642,0.496,10.0,19123,Low,0,0,0.324,Declined,0,debt_to_income
APP-01113,US,31854,667,0.134,1.9,18366,High,0,0,0.3768,Declined,0,postcode_risk_band
APP-01114,US,34713,586,0.325,1.1,12758,Low,1,0,0.1391,Declined,0,credit_score
APP-01116,US,81312,664,0.288,3.3,45469,Medium,0,0,0.4754,Declined,0,postcode_risk_band
APP-01117,US,48505,699,0.4,2.1,20733,Medium,0,0,0.4793,Declined,1,postcode_risk_band
APP-01121,US,42052,624,0.38,4.3,22246,Low,0,0,0.3023,Declined,0,credit_score
APP-01123,US,52187,715,0.355,4.2,20347,Low,1,0,0.5494,Declined,0,thin_file_flag
APP-01124,US,70776,724,0.577,7.3,44163,Very High,1,1,0.28,Declined,0,debt_to_income
APP-01125,US,42306,694,0.387,1.1,18219,High,0,0,0.3772,Declined,0,postcode_risk_band
APP-01128,US,57616,545,0.469,2.0,33127,Low,0,1,0.0869,Declined,1,credit_score
APP-01134,US,57612,740,0.095,1.3,12916,Medium,0,1,0.7336,Approved,0,income_instability_flag
APP-01139,US,26321,703,0.341,6.2,10510,Medium,0,1,0.4531,Declined,0,income_instability_flag
APP-01141,US,24688,667,0.419,5.2,12036,Medium,0,0,0.3267,Declined,0,debt_to_income
APP-01143,US,55996,671,0.435,6.1,18144,Medium,0,0,0.4527,Declined,0,debt_to_income
APP-01144,US,54714,725,0.212,2.6,24892,Medium,0,0,0.6746,Approved,1,postcode_risk_band
APP-01145,US,34582,580,0.259,1.7,7422,Medium,1,0,0.1341,Declined,0,credit_score
APP-01146,US,29168,543,0.564,4.2,10338,Medium,1,0,0.0463,Declined,0,credit_score
APP-01147,US,63918,569,0.423,5.0,30267,Low,1,0,0.1381,Declined,1,credit_score
APP-01149,US,19944,615,0.332,8.1,10810,Medium,1,0,0.1629,Declined,1,credit_score
APP-01151,US,43962,537,0.371,1.0,23976,Low,0,0,0.103,Declined,0,credit_score
APP-01155,US,25339,633,0.074,12.6,5223,Low,0,0,0.5227,Declined,1,credit_score
APP-01156,US,42822,644,0.434,2.0,18730,Low,0,0,0.322,Declined,1,debt_to_income
APP-01158,US,87087,715,0.47,8.8,58567,Very High,0,0,0.4831,Declined,1,postcode_risk_band
APP-01159,US,38025,608,0.164,2.4,4952,Low,0,0,0.3734,Declined,0,credit_score
APP-01160,US,52011,681,0.373,5.3,18242,Medium,0,0,0.4957,Declined,0,postcode_risk_band
APP-01161,US,37748,703,0.391,1.7,13656,Medium,0,0,0.4734,Declined,0,postcode_risk_band
APP-01162,US,77105,714,0.419,1.8,33210,Low,0,0,0.6202,Approved,0,debt_to_income
APP-01167,US,43107,741,0.293,4.5,19449,Low,0,0,0.73,Approved,0,credit_score
APP-01173,US,54833,667,0.226,4.1,18344,Low,0,1,0.5098,Declined,0,income_instability_flag
APP-01174,US,38295,599,0.246,6.6,18001,Low,1,1,0.1909,Declined,1,credit_score
APP-01176,US,18000,586,0.361,3.8,5703,Low,0,0,0.1685,Declined,0,credit_score
APP-01177,US,35696,705,0.089,6.4,10422,Medium,0,0,0.6961,Approved,0,postcode_risk_band
APP-01178,US,32107,683,0.403,6.1,15808,Very High,0,0,0.3082,Declined,0,postcode_risk_band
APP-01183,US,49906,667,0.158,5.2,18972,Low,0,0,0.6044,Approved,0,credit_score
APP-01185,US,30304,560,0.261,7.3,9328,Low,0,0,0.2132,Declined,0,credit_score
APP-01187,US,48047,745,0.265,1.0,11886,High,0,0,0.6461,Approved,0,employment_length
APP-01194,US,33839,675,0.532,5.9,14382,Low,0,0,0.3975,Declined,0,debt_to_income
APP-01197,US,40144,718,0.327,4.1,14912,High,0,0,0.5311,Declined,0,postcode_risk_band
APP-01198,US,34133,625,0.309,4.4,16250,Medium,0,0,0.2786,Declined,0,credit_score
APP-01201,US,89192,740,0.323,2.0,39859,High,0,0,0.6526,Approved,0,postcode_risk_band
APP-01204,US,32795,517,0.612,13.0,23301,Very High,1,1,0.0152,Declined,1,credit_score
APP-01205,US,42425,672,0.244,5.6,24269,High,1,0,0.3205,Declined,1,thin_file_flag
APP-01207,US,85780,706,0.32,0.8,39747,Medium,0,0,0.5852,Approved,0,employment_length
APP-01209,US,28218,574,0.453,8.4,15356,Medium,0,1,0.1072,Declined,1,credit_score
APP-01210,US,34265,511,0.162,1.9,6933,Low,0,0,0.1256,Declined,1,credit_score
APP-01212,US,32442,613,0.379,4.8,12986,Medium,1,0,0.1628,Declined,0,credit_score
APP-01213,US,22451,701,0.359,2.3,11349,High,0,0,0.3519,Declined,0,postcode_risk_band
APP-01215,US,47054,773,0.306,8.4,24248,Medium,0,0,0.7981,Approved,0,postcode_risk_band
APP-01216,US,41090,647,0.28,4.7,17167,Medium,0,0,0.3871,Declined,0,credit_score
APP-01219,US,33436,634,0.438,0.6,17162,High,0,0,0.1679,Declined,0,employment_length
APP-01224,US,37746,671,0.381,1.0,11829,Low,0,0,0.4235,Declined,0,employment_length
APP-01230,US,40471,699,0.371,4.0,19124,Very High,0,0,0.3717,Declined,0,postcode_risk_band
APP-01234,US,112368,812,0.307,7.8,36811,Medium,0,0,0.916,Approved,0,postcode_risk_band
APP-01236,US,93658,708,0.485,2.1,57797,Medium,0,0,0.5116,Declined,1,debt_to_income
APP-01238,US,49717,601,0.401,5.8,23685,Low,0,0,0.2684,Declined,0,credit_score
APP-01240,US,58480,790,0.518,8.4,28943,Medium,0,0,0.7805,Approved,0,debt_to_income
APP-01241,US,46717,803,0.199,8.4,18937,Medium,1,0,0.8382,Approved,0,thin_file_flag
APP-01243,US,44938,655,0.178,0.8,21209,Medium,0,0,0.4151,Declined,0,employment_length
APP-01245,US,100286,650,0.055,1.6,29183,Low,0,0,0.6406,Approved,1,employment_length
APP-01246,US,97347,754,0.383,6.4,51822,Medium,0,0,0.7659,Approved,0,postcode_risk_band
APP-01249,US,53416,740,0.371,3.2,26332,Low,0,0,0.6938,Approved,0,debt_to_income
APP-01253,US,36383,725,0.33,4.1,16410,Low,0,0,0.6462,Approved,0,credit_score
APP-01254,US,115694,816,0.39,2.3,52667,High,0,0,0.8383,Approved,0,postcode_risk_band
APP-01255,US,46051,600,0.316,3.4,14342,Medium,0,0,0.2444,Declined,0,credit_score
APP-01257,US,35578,620,0.329,2.1,11204,Medium,0,1,0.2099,Declined,0,credit_score
APP-01259,US,40402,679,0.299,5.3,14531,High,0,0,0.4334,Declined,0,postcode_risk_band
APP-01261,US,40717,629,0.348,10.2,13991,Medium,0,0,0.3486,Declined,0,credit_score
APP-01262,US,18975,649,0.489,1.3,9920,Low,1,1,0.1282,Declined,0,thin_file_flag
APP-01265,US,54029,648,0.296,4.5,19572,Low,1,1,0.3132,Declined,0,thin_file_flag
APP-01266,US,74122,554,0.05,13.6,26820,Low,0,0,0.3696,Declined,0,credit_score
APP-01267,US,59728,622,0.295,7.7,23579,Low,0,0,0.4348,Declined,0,credit_score
APP-01268,US,56983,644,0.52,4.2,24262,Low,1,1,0.2077,Declined,1,debt_to_income
APP-01269,US,23602,675,0.497,5.4,10355,Medium,0,0,0.3187,Declined,0,debt_to_income
APP-01280,US,54995,577,0.434,6.2,20468,Low,0,0,0.2195,Declined,0,credit_score
APP-01282,US,51644,712,0.297,2.7,22291,Low,0,0,0.6429,Approved,0,credit_score
APP-01283,US,43566,618,0.262,2.7,20739,Low,0,0,0.3294,Declined,0,credit_score
APP-01284,US,44610,755,0.41,2.2,14635,Medium,0,0,0.6634,Approved,0,postcode_risk_band
APP-01285,US,45799,672,0.334,2.3,20135,High,0,0,0.3564,Declined,0,postcode_risk_band
APP-01286,US,46639,737,0.347,10.2,25217,Medium,0,0,0.6864,Approved,0,postcode_risk_band
APP-01287,US,48491,480,0.373,13.6,15178,High,1,1,0.0286,Declined,1,credit_score
APP-01292,US,77936,697,0.296,8.2,27648,Low,0,0,0.7127,Approved,0,credit_score
APP-01294,US,36321,631,0.503,3.3,16699,High,0,0,0.1735,Declined,0,debt_to_income
APP-01295,US,23084,611,0.332,2.2,8800,High,0,1,0.1255,Declined,0,credit_score
APP-01296,US,43789,715,0.482,12.3,22566,Medium,0,0,0.5471,Declined,0,debt_to_income
APP-01298,US,27127,617,0.419,5.6,15969,Medium,0,1,0.162,Declined,1,credit_score
APP-01301,US,50202,597,0.196,4.0,22012,Medium,0,0,0.2851,Declined,0,credit_score
APP-01303,US,37214,681,0.638,6.0,17991,Very High,1,0,0.1567,Declined,0,debt_to_income
APP-01304,US,29398,589,0.399,4.9,13955,High,0,0,0.1272,Declined,0,credit_score
APP-01305,US,110164,702,0.394,3.7,66033,Medium,1,0,0.477,Declined,0,thin_file_flag
APP-01307,US,39452,575,0.351,2.0,11210,Medium,0,1,0.1278,Declined,0,credit_score
APP-01309,US,34058,594,0.322,3.8,17186,Low,0,1,0.1857,Declined,1,credit_score
APP-01311,US,30061,593,0.621,4.6,9532,Low,1,1,0.08,Declined,1,debt_to_income
APP-01316,US,70420,702,0.142,10.9,20817,Low,0,0,0.7839,Approved,0,credit_score
APP-01318,US,38594,714,0.198,2.6,12137,Low,0,0,0.6801,Approved,0,credit_score
APP-01321,US,29585,650,0.3,3.4,16133,Medium,0,0,0.3199,Declined,0,postcode_risk_band
APP-01322,US,46923,584,0.334,5.4,20847,Medium,0,0,0.2073,Declined,0,credit_score
APP-01324,US,99365,707,0.415,3.8,45920,High,0,0,0.5325,Declined,0,postcode_risk_band
APP-01325,US,61265,748,0.158,10.9,21133,High,0,0,0.7867,Approved,0,postcode_risk_band
APP-01326,US,48110,645,0.456,3.8,26518,High,0,0,0.2365,Declined,0,postcode_risk_band
APP-01327,US,35500,613,0.22,5.1,6825,Medium,0,0,0.3305,Declined,0,credit_score
APP-01328,US,32412,619,0.448,4.5,15025,High,1,0,0.1176,Declined,0,credit_score
APP-01329,US,39181,619,0.213,6.8,11546,Medium,0,0,0.3701,Declined,0,credit_score
APP-01330,US,48698,639,0.388,1.2,21161,High,0,0,0.235,Declined,0,postcode_risk_band
APP-01331,US,46539,624,0.211,0.8,17806,Medium,0,0,0.3179,Declined,0,employment_length
APP-01332,US,39475,637,0.389,9.6,14007,Low,0,0,0.4005,Declined,0,credit_score
APP-01333,US,51144,699,0.459,5.9,27892,Medium,0,0,0.4895,Declined,0,debt_to_income
APP-01334,US,78620,719,0.423,2.3,36067,Low,0,0,0.6386,Approved,0,debt_to_income
APP-01336,US,36720,692,0.414,4.9,14576,Low,0,0,0.5149,Declined,0,debt_to_income
APP-01337,US,59982,639,0.369,2.2,33813,Low,0,0,0.3575,Declined,0,credit_score
APP-01338,US,63890,727,0.323,3.5,29877,Medium,0,0,0.6536,Approved,0,postcode_risk_band
APP-01340,US,23374,636,0.283,5.0,11312,Medium,0,0,0.2911,Declined,0,credit_score
APP-01343,US,52096,714,0.471,8.5,30256,Medium,0,0,0.5594,Declined,0,debt_to_income
APP-01344,US,38885,628,0.183,8.9,13733,Low,1,1,0.3168,Declined,1,thin_file_flag
APP-01345,US,43190,645,0.254,6.8,22208,Low,0,0,0.4676,Declined,0,credit_score
APP-01346,US,32945,684,0.393,11.4,16441,High,0,0,0.3961,Declined,1,postcode_risk_band
APP-01347,US,45164,625,0.332,0.7,20272,Medium,0,0,0.257,Declined,0,employment_length
APP-01348,US,25183,739,0.38,4.2,16780,Low,0,0,0.5991,Approved,0,loan_amount
APP-01349,US,34544,644,0.112,3.3,14050,Medium,1,0,0.3283,Declined,0,thin_file_flag
APP-01350,US,43403,730,0.317,3.3,6525,Medium,1,0,0.5664,Approved,0,thin_file_flag
APP-01351,US,48776,659,0.511,1.0,33321,High,0,1,0.1718,Declined,0,debt_to_income
APP-01354,US,29103,641,0.238,10.8,9258,Medium,0,0,0.409,Declined,0,credit_score
APP-01355,US,40936,610,0.295,3.8,17021,Very High,0,0,0.1764,Declined,0,credit_score
APP-01357,US,65403,674,0.435,2.1,25710,Medium,0,0,0.4159,Declined,0,debt_to_income
APP-01358,US,31310,647,0.574,5.4,15619,Very High,0,1,0.1237,Declined,0,debt_to_income
APP-01359,US,52099,563,0.23,14.4,13178,Low,1,0,0.2132,Declined,0,credit_score
APP-01362,US,60846,714,0.423,1.2,31429,High,0,0,0.4533,Declined,1,postcode_risk_band
APP-01363,US,28018,557,0.388,0.0,17049,Low,1,1,0.0525,Declined,0,credit_score
APP-01365,US,31020,590,0.533,5.9,15152,Low,0,0,0.1621,Declined,0,credit_score
APP-01366,US,32479,719,0.452,8.8,21479,Low,0,0,0.5761,Approved,0,debt_to_income
APP-01368,US,80522,686,0.477,2.2,48641,Low,0,0,0.4828,Declined,1,debt_to_income
APP-01369,US,64574,733,0.497,0.3,25127,Medium,0,0,0.556,Declined,0,employment_length
APP-01372,US,44712,607,0.374,1.9,18850,Very High,0,0,0.14,Declined,1,credit_score
APP-01374,US,34730,620,0.16,3.9,10279,Medium,0,0,0.3495,Declined,0,credit_score
APP-01375,US,41171,687,0.614,9.2,26806,Low,0,1,0.3536,Declined,0,debt_to_income
APP-01376,US,38010,591,0.476,9.0,18491,Very High,0,1,0.0935,Declined,0,credit_score
APP-01377,US,70788,715,0.307,1.9,38986,Low,0,0,0.6539,Approved,0,employment_length
APP-01380,US,36870,746,0.214,1.1,19190,Low,0,0,0.7172,Approved,0,employment_length
APP-01386,US,50355,700,0.283,2.3,13042,High,0,0,0.5105,Declined,0,postcode_risk_band
APP-01388,US,30853,732,0.481,12.4,8131,Medium,0,1,0.5397,Declined,0,income_instability_flag
APP-01389,US,37001,529,0.499,2.3,16750,Medium,1,0,0.0418,Declined,1,credit_score
APP-01392,US,37163,802,0.448,3.9,20767,Medium,0,0,0.7524,Approved,0,debt_to_income
APP-01393,US,48957,675,0.505,8.2,23369,Very High,0,0,0.3041,Declined,0,postcode_risk_band
APP-01394,US,82845,597,0.396,0.8,28400,Low,0,0,0.2662,Declined,0,credit_score
APP-01396,US,44963,673,0.326,1.8,13575,Low,0,1,0.4289,Declined,0,income_instability_flag
APP-01397,US,97914,730,0.269,2.9,39336,High,0,1,0.6169,Approved,0,postcode_risk_band
APP-01398,US,84107,633,0.079,3.8,34486,Medium,0,0,0.5127,Declined,0,credit_score
APP-01399,US,43681,644,0.319,4.0,12537,Medium,1,1,0.2338,Declined,0,thin_file_flag
